Workbook
Name Podróżni: 'Dane 2'!$A$1:$E$82

Sheet Dane 1
A1: Oddelegowanie | B1: Dieta | C1: Biety + noclegi | D1: Ubezpieczenie | E1: Dopłata za nadbagaż
A2: Chorwacja | B2: 2800 | C2: 4490 | D2: 65.25 | E2: 325
A3: Hiszpania | B3: 2800 | C3: 7918 | D3: 65.25 | E3: 325
A4: Włochy | B4: 4200 | C4: 8697 | D4: 91.25 | E4: 325
A5: Turcja | B5: 4200 | C5: 7470 | D5: 91.25 | E5: 650
A6: Grecja | B6: 4200 | C6: 8079 | D6: 91.25 | E6: 325
A7: Austria | B7: 3600 | C7: 6500 | D7: 34.8 | E7: 325

Sheet Dane 2
A1: Imię | B1: Nazwisko | C1: Oddział firmy | D1: Płeć | E1: Wiek | F1: Data wylotu | G1: Data przylotu | H1: Liczba dni | I1: Oddelegowanie | J1: Koszt [bilety+noclegi] | K1: Dieta | L1: Dodatkowe ubezp. | M1: Nadbagaż [szt] | N1: Dopłata za nadbagaż | O1: Kosz całkowity
A2: Adam | B2: Piotrowicz | C2: Warszawa | D2: M | E2: 55 | F2: ='A1'!XFC2 -> 44119 | G2: =F2+H2 -> 44133 | H2: 14 | I2: Chorwacja | J2: 4490 | K2: 2800 | L2: 65.25 | M2: 1 | N2: 325 | O2: =J2+K2+L2+N2 -> 7680.25
A3: Adam | B3: Czyżuk | C3: Warszawa | D3: M | E3: 24 | F3: ='A1'!XFC3 -> 44149 | G3: =F3+H3 -> 44163 | H3: 14 | I3: Hiszpania | J3: 7918 | K3: 2800 | L3: 65.25 | N3: 0 | O3: =J3+K3+L3+N3 -> 10783.25
A4: Adrianna | B4: Kulik | C4: Poznań | D4: K | E4: 44 | F4: ='A1'!XFC4 -> 44147 | G4: =F4+H4 -> 44157 | H4: 10 | I4: Hiszpania | J4: 6084 | K4: 2000 | L4: 65.25 | N4: 0 | O4: =J4+K4+L4+N4 -> 8149.25
A5: Adrianna | B5: Mikołajewska | C5: Poznań | D5: K | E5: 39 | F5: ='A1'!XFC5 -> 44121 | G5: =F5+H5 -> 44142 | H5: 21 | I5: Włochy | J5: 8697 | K5: 4200 | L5: 91.25 | N5: 0 | O5: =J5+K5+L5+N5 -> 12988.25
A6: Agnieszka | B6: Zawora | C6: Kraków | D6: K | E6: 32 | F6: ='A1'!XFC6 -> 44116 | G6: =F6+H6 -> 44137 | H6: 21 | I6: Turcja | J6: 7470 | K6: 4200 | L6: 91.25 | M6: 2 | N6: 650 | O6: =J6+K6+L6+N6 -> 12411.25
A7: Agnieszka | B7: Pietrzak | C7: Kraków | D7: K | E7: 47 | F7: ='A1'!XFC7 -> 44172 | G7: =F7+H7 -> 44193 | H7: 21 | I7: Grecja | J7: 8079 | K7: 4200 | L7: 91.25 | M7: 1 | N7: 325 | O7: =J7+K7+L7+N7 -> 12695.25
A8: Andrzej | B8: Robek | C8: Kraków | D8: M | E8: 33 | F8: ='A1'!XFC8 -> 44182 | G8: =F8+H8 -> 44189 | H8: 7 | I8: Turcja | J8: 3490 | K8: 1400 | L8: 34.8 | M8: 1 | N8: 325 | O8: =J8+K8+L8+N8 -> 5249.8
A9: Andrzej | B9: Jadziak | C9: Warszawa | D9: M | E9: 38 | F9: ='A1'!XFC9 -> 44132 | G9: =F9+H9 -> 44147 | H9: 15 | I9: Hiszpania | J9: 8376 | K9: 3000 | L9: 91.25 | M9: 1 | N9: 325 | O9: =J9+K9+L9+N9 -> 11792.25
A10: Andrzej | B10: Twarnowski | C10: Kraków | D10: M | E10: 49 | F10: ='A1'!XFC10 -> 44180 | G10: =F10+H10 -> 44187 | H10: 7 | I10: Włochy | J10: 3899 | K10: 1400 | L10: 34.8 | N10: 0 | O10: =J10+K10+L10+N10 -> 5333.8
A11: Anna | B11: Kacprzak | C11: Poznań | D11: K | E11: 29 | F11: ='A1'!XFC11 -> 44181 | G11: =F11+H11 -> 44202 | H11: 21 | I11: Włochy | J11: 8697 | K11: 4200 | L11: 91.25 | M11: 1 | N11: 325 | O11: =J11+K11+L11+N11 -> 13313.25
A12: Anna | B12: Piechocka | C12: Warszawa | D12: K | E12: 52 | F12: ='A1'!XFC12 -> 44187 | G12: =F12+H12 -> 44208 | H12: 21 | I12: Chorwacja | J12: 5985 | K12: 4200 | L12: 91.25 | M12: 1 | N12: 325 | O12: =J12+K12+L12+N12 -> 10601.25
A13: Anna | B13: Piechocka | C13: Poznań | D13: K | E13: 32 | F13: ='A1'!XFC13 -> 44180 | G13: =F13+H13 -> 44194 | H13: 14 | I13: Hiszpania | J13: 7918 | K13: 2800 | L13: 65.25 | N13: 0 | O13: =J13+K13+L13+N13 -> 10783.25
A14: Barbara | B14: Fornal | C14: Warszawa | D14: K | E14: 55 | F14: ='A1'!XFC14 -> 44175 | G14: =F14+H14 -> 44189 | H14: 14 | I14: Chorwacja | J14: 4490 | K14: 2800 | L14: 65.25 | N14: 0 | O14: =J14+K14+L14+N14 -> 7355.25
A15: Barbara | B15: Jelikowska | C15: Warszawa | D15: K | E15: 24 | F15: ='A1'!XFC15 -> 44125 | G15: =F15+H15 -> 44139 | H15: 14 | I15: Chorwacja | J15: 4490 | K15: 2800 | L15: 65.25 | M15: 1 | N15: 325 | O15: =J15+K15+L15+N15 -> 7680.25
A16: Barbara | B16: Griczan | C16: Warszawa | D16: K | E16: 36 | F16: ='A1'!XFC16 -> 44112 | G16: =F16+H16 -> 44126 | H16: 14 | I16: Turcja | J16: 5480 | K16: 2800 | L16: 65.25 | N16: 0 | O16: =J16+K16+L16+N16 -> 8345.25
A17: Barbara | B17: Gruda | C17: Poznań | D17: K | E17: 45 | F17: ='A1'!XFC17 -> 44175 | G17: =F17+H17 -> 44189 | H17: 14 | I17: Hiszpania | J17: 7918 | K17: 2800 | L17: 65.25 | N17: 0 | O17: =J17+K17+L17+N17 -> 10783.25
A18: Barbara | B18: Mączyńska | C18: Kraków | D18: K | E18: 26 | F18: ='A1'!XFC18 -> 44130 | G18: =F18+H18 -> 44144 | H18: 14 | I18: Hiszpania | J18: 7918 | K18: 2800 | L18: 65.25 | M18: 1 | N18: 325 | O18: =J18+K18+L18+N18 -> 11108.25
A19: Barbara | B19: Sadurski | C19: Poznań | D19: K | E19: 37 | F19: ='A1'!XFC19 -> 44117 | G19: =F19+H19 -> 44131 | H19: 14 | I19: Hiszpania | J19: 7918 | K19: 2800 | L19: 65.25 | M19: 1 | N19: 325 | O19: =J19+K19+L19+N19 -> 11108.25
A20: Barbara | B20: Kiszewska | C20: Warszawa | D20: K | E20: 39 | F20: ='A1'!XFC20 -> 44173 | G20: =F20+H20 -> 44187 | H20: 14 | I20: Włochy | J20: 6298 | K20: 2800 | L20: 65.25 | N20: 0 | O20: =J20+K20+L20+N20 -> 9163.25
A21: Barbara | B21: Jagiel | C21: Poznań | D21: K | E21: 54 | F21: ='A1'!XFC21 -> 44169 | G21: =F21+H21 -> 44183 | H21: 14 | I21: Hiszpania | J21: 7918 | K21: 2800 | L21: 65.25 | N21: 0 | O21: =J21+K21+L21+N21 -> 10783.25
A22: Elwira | B22: Policzawska | C22: Kraków | D22: K | E22: 50 | F22: ='A1'!XFC22 -> 44116 | G22: =F22+H22 -> 44130 | H22: 14 | I22: Hiszpania | J22: 7918 | K22: 2800 | L22: 65.25 | N22: 0 | O22: =J22+K22+L22+N22 -> 10783.25
A23: Ewa | B23: Niemota | C23: Poznań | D23: K | E23: 37 | F23: ='A1'!XFC23 -> 44189 | G23: =F23+H23 -> 44203 | H23: 14 | I23: Chorwacja | J23: 4490 | K23: 2800 | L23: 65.25 | N23: 0 | O23: =J23+K23+L23+N23 -> 7355.25
A24: Ewa | B24: Mikołajczuk | C24: Warszawa | D24: K | E24: 34 | F24: ='A1'!XFC24 -> 44131 | G24: =F24+H24 -> 44152 | H24: 21 | I24: Turcja | J24: 7470 | K24: 4200 | L24: 91.25 | M24: 1 | N24: 325 | O24: =J24+K24+L24+N24 -> 12086.25
A25: Ewa | B25: Masztaler | C25: Kraków | D25: K | E25: 39 | F25: ='A1'!XFC25 -> 44170 | G25: =F25+H25 -> 44184 | H25: 14 | I25: Włochy | J25: 6298 | K25: 2800 | L25: 65.25 | M25: 1 | N25: 325 | O25: =J25+K25+L25+N25 -> 9488.25
A26: Ewa | B26: Szumińska | C26: Warszawa | D26: K | E26: 37 | F26: ='A1'!XFC26 -> 44142 | G26: =F26+H26 -> 44163 | H26: 21 | I26: Grecja | J26: 8079 | K26: 4200 | L26: 91.25 | M26: 1 | N26: 325 | O26: =J26+K26+L26+N26 -> 12695.25
A27: Ewelina | B27: Sztycer | C27: Warszawa | D27: K | E27: 33 | F27: ='A1'!XFC27 -> 44113 | G27: =F27+H27 -> 44134 | H27: 21 | I27: Turcja | J27: 7470 | K27: 4200 | L27: 91.25 | M27: 2 | N27: 650 | O27: =J27+K27+L27+N27 -> 12411.25
A28: Ewelina | B28: Kowalska | C28: Poznań | D28: K | E28: 42 | F28: ='A1'!XFC28 -> 44121 | G28: =F28+H28 -> 44142 | H28: 21 | I28: Turcja | J28: 7470 | K28: 4200 | L28: 91.25 | N28: 0 | O28: =J28+K28+L28+N28 -> 11761.25
A29: Franciszek | B29: Lindarek | C29: Kraków | D29: M | E29: 25 | F29: ='A1'!XFC29 -> 44165 | G29: =F29+H29 -> 44175 | H29: 10 | I29: Włochy | J29: 4927 | K29: 2000 | L29: 65.25 | N29: 0 | O29: =J29+K29+L29+N29 -> 6992.25
A30: Jadwiga | B30: Milecka | C30: Poznań | D30: K | E30: 28 | F30: ='A1'!XFC30 -> 44171 | G30: =F30+H30 -> 44185 | H30: 14 | I30: Chorwacja | J30: 4490 | K30: 2800 | L30: 65.25 | N30: 0 | O30: =J30+K30+L30+N30 -> 7355.25
A31: Jadwiga | B31: Gilecka | C31: Poznań | D31: K | E31: 53 | F31: ='A1'!XFC31 -> 44189 | G31: =F31+H31 -> 44203 | H31: 14 | I31: Turcja | J31: 5480 | K31: 2800 | L31: 65.25 | N31: 0 | O31: =J31+K31+L31+N31 -> 8345.25
A32: Jadwiga | B32: Jolecka | C32: Warszawa | D32: K | E32: 20 | F32: ='A1'!XFC32 -> 44108 | G32: =F32+H32 -> 44122 | H32: 14 | I32: Chorwacja | J32: 4490 | K32: 2800 | L32: 65.25 | N32: 0 | O32: =J32+K32+L32+N32 -> 7355.25
A33: Jadwiga | B33: Fulecka | C33: Warszawa | D33: K | E33: 47 | F33: ='A1'!XFC33 -> 44176 | G33: =F33+H33 -> 44190 | H33: 14 | I33: Hiszpania | J33: 7918 | K33: 2800 | L33: 65.25 | N33: 0 | O33: =J33+K33+L33+N33 -> 10783.25
A34: Jakub | B34: Kowalski | C34: Kraków | D34: M | E34: 40 | F34: ='A1'!XFC34 -> 44188 | G34: =F34+H34 -> 44202 | H34: 14 | I34: Chorwacja | J34: 4490 | K34: 2800 | L34: 65.25 | N34: 0 | O34: =J34+K34+L34+N34 -> 7355.25
A35: Jakub | B35: Więcławski | C35: Poznań | D35: M | E35: 22 | F35: ='A1'!XFC35 -> 44141 | G35: =F35+H35 -> 44155 | H35: 14 | I35: Grecja | J35: 5886 | K35: 2800 | L35: 65.25 | N35: 0 | O35: =J35+K35+L35+N35 -> 8751.25
A36: Jan | B36: Tomczak | C36: Poznań | D36: M | E36: 46 | F36: ='A1'!XFC36 -> 44189 | G36: =F36+H36 -> 44203 | H36: 14 | I36: Hiszpania | J36: 7918 | K36: 2800 | L36: 65.25 | N36: 0 | O36: =J36+K36+L36+N36 -> 10783.25
A37: Jan | B37: Piórkowski | C37: Warszawa | D37: M | E37: 22 | F37: ='A1'!XFC37 -> 44131 | G37: =F37+H37 -> 44145 | H37: 14 | I37: Chorwacja | J37: 4490 | K37: 2800 | L37: 65.25 | M37: 1 | N37: 325 | O37: =J37+K37+L37+N37 -> 7680.25
A38: Janusz | B38: Kurant | C38: Warszawa | D38: M | E38: 49 | F38: ='A1'!XFC38 -> 44170 | G38: =F38+H38 -> 44185 | H38: 15 | I38: Włochy | J38: 6641 | K38: 3000 | L38: 91.25 | N38: 0 | O38: =J38+K38+L38+N38 -> 9732.25
A39: Jarosław | B39: Kukiel | C39: Kraków | D39: M | E39: 25 | F39: ='A1'!XFC39 -> 44127 | G39: =F39+H39 -> 44141 | H39: 14 | I39: Chorwacja | J39: 4490 | K39: 2800 | L39: 65.25 | N39: 0 | O39: =J39+K39+L39+N39 -> 7355.25
A40: Jarosław | B40: Kujawa | C40: Poznań | D40: M | E40: 37 | F40: ='A1'!XFC40 -> 44161 | G40: =F40+H40 -> 44175 | H40: 14 | I40: Grecja | J40: 5886 | K40: 2800 | L40: 65.25 | N40: 0 | O40: =J40+K40+L40+N40 -> 8751.25
A41: Jerzy | B41: Myszkowski | C41: Warszawa | D41: M | E41: 23 | F41: ='A1'!XFC41 -> 44153 | G41: =F41+H41 -> 44167 | H41: 14 | I41: Chorwacja | J41: 4490 | K41: 2800 | L41: 65.25 | N41: 0 | O41: =J41+K41+L41+N41 -> 7355.25
A42: Jerzy | B42: Szymal | C42: Warszawa | D42: M | E42: 39 | F42: ='A1'!XFC42 -> 44155 | G42: =F42+H42 -> 44169 | H42: 14 | I42: Włochy | J42: 6298 | K42: 2800 | L42: 65.25 | M42: 1 | N42: 325 | O42: =J42+K42+L42+N42 -> 9488.25
A43: Józef | B43: Kołakowski | C43: Warszawa | D43: M | E43: 27 | F43: ='A1'!XFC43 -> 44122 | G43: =F43+H43 -> 44136 | H43: 14 | I43: Grecja | J43: 5886 | K43: 2800 | L43: 65.25 | N43: 0 | O43: =J43+K43+L43+N43 -> 8751.25
A44: Józef | B44: Kolen | C44: Kraków | D44: M | E44: 54 | F44: ='A1'!XFC44 -> 44194 | G44: =F44+H44 -> 44208 | H44: 14 | I44: Turcja | J44: 5480 | K44: 2800 | L44: 65.25 | N44: 0 | O44: =J44+K44+L44+N44 -> 8345.25
A45: Katarzyna | B45: Kasprzak | C45: Poznań | D45: K | E45: 33 | F45: ='A1'!XFC45 -> 44111 | G45: =F45+H45 -> 44132 | H45: 21 | I45: Hiszpania | J45: 11127 | K45: 4200 | L45: 91.25 | M45: 1 | N45: 325 | O45: =J45+K45+L45+N45 -> 15743.25
A46: Katarzyna | B46: Krzemińska | C46: Poznań | D46: K | E46: 54 | F46: ='A1'!XFC46 -> 44131 | G46: =F46+H46 -> 44152 | H46: 21 | I46: Grecja | J46: 8079 | K46: 4200 | L46: 91.25 | M46: 2 | N46: 650 | O46: =J46+K46+L46+N46 -> 13020.25
A47: Kinga | B47: Jabłońska | C47: Poznań | D47: K | E47: 32 | F47: ='A1'!XFC47 -> 44116 | G47: =F47+H47 -> 44137 | H47: 21 | I47: Włochy | J47: 6697 | K47: 4200 | L47: 91.25 | N47: 0 | O47: =J47+K47+L47+N47 -> 10988.25
A48: Kinga | B48: Burtan | C48: Poznań | D48: K | E48: 55 | F48: ='A1'!XFC48 -> 44186 | G48: =F48+H48 -> 44207 | H48: 21 | I48: Chorwacja | J48: 5985 | K48: 4200 | L48: 91.25 | M48: 2 | N48: 650 | O48: =J48+K48+L48+N48 -> 10926.25
A49: Krystyna | B49: Pilecki | C49: Kraków | D49: K | E49: 43 | F49: ='A1'!XFC49 -> 44126 | G49: =F49+H49 -> 44140 | H49: 14 | I49: Grecja | J49: 5886 | K49: 2800 | L49: 65.25 | N49: 0 | O49: =J49+K49+L49+N49 -> 8751.25
A50: Krystyna | B50: Polkowiak | C50: Kraków | D50: K | E50: 39 | F50: ='A1'!XFC50 -> 44105 | G50: =F50+H50 -> 44119 | H50: 14 | I50: Chorwacja | J50: 4490 | K50: 2800 | L50: 65.25 | N50: 0 | O50: =J50+K50+L50+N50 -> 7355.25
A51: Krystyna | B51: Policka | C51: Kraków | D51: K | E51: 21 | F51: ='A1'!XFC51 -> 44125 | G51: =F51+H51 -> 44139 | H51: 14 | I51: Chorwacja | J51: 4490 | K51: 2800 | L51: 65.25 | N51: 0 | O51: =J51+K51+L51+N51 -> 7355.25
A52: Krzysztof | B52: Okoński | C52: Poznań | D52: M | E52: 24 | F52: ='A1'!XFC52 -> 44182 | G52: =F52+H52 -> 44196 | H52: 14 | I52: Turcja | J52: 5480 | K52: 2800 | L52: 65.25 | N52: 0 | O52: =J52+K52+L52+N52 -> 8345.25
A53: Krzysztof | B53: Ostny | C53: Kraków | D53: M | E53: 52 | F53: ='A1'!XFC53 -> 44171 | G53: =F53+H53 -> 44185 | H53: 14 | I53: Hiszpania | J53: 7918 | K53: 2800 | L53: 65.25 | N53: 0 | O53: =J53+K53+L53+N53 -> 10783.25
A54: Krzysztof | B54: Policki | C54: Kraków | D54: M | E54: 47 | F54: ='A1'!XFC54 -> 44134 | G54: =F54+H54 -> 44149 | H54: 15 | I54: Turcja | J54: 5764 | K54: 3000 | L54: 91.25 | N54: 0 | O54: =J54+K54+L54+N54 -> 8855.25
A55: Lidia | B55: Polakowska | C55: Kraków | D55: K | E55: 42 | F55: ='A1'!XFC55 -> 44178 | G55: =F55+H55 -> 44199 | H55: 21 | I55: Grecja | J55: 8079 | K55: 4200 | L55: 91.25 | N55: 0 | O55: =J55+K55+L55+N55 -> 12370.25
A56: Lidia | B56: Sitek | C56: Kraków | D56: K | E56: 40 | F56: ='A1'!XFC56 -> 44106 | G56: =F56+H56 -> 44116 | H56: 10 | I56: Hiszpania | J56: 6084 | K56: 2000 | L56: 65.25 | N56: 0 | O56: =J56+K56+L56+N56 -> 8149.25
A57: Maciej | B57: Błażejczyk | C57: Warszawa | D57: M | E57: 46 | F57: ='A1'!XFC57 -> 44130 | G57: =F57+H57 -> 44144 | H57: 14 | I57: Chorwacja | J57: 4490 | K57: 2800 | L57: 65.25 | M57: 1 | N57: 325 | O57: =J57+K57+L57+N57 -> 7680.25
A58: Maciej | B58: Hakiel | C58: Warszawa | D58: M | E58: 49 | F58: ='A1'!XFC58 -> 44191 | G58: =F58+H58 -> 44205 | H58: 14 | I58: Chorwacja | J58: 4490 | K58: 2800 | L58: 65.25 | N58: 0 | O58: =J58+K58+L58+N58 -> 7355.25
A59: Małgorzata | B59: Nowak | C59: Kraków | D59: K | E59: 49 | F59: ='A1'!XFC59 -> 44178 | G59: =F59+H59 -> 44188 | H59: 10 | I59: Grecja | J59: 4633 | K59: 2000 | L59: 65.25 | M59: 1 | N59: 325 | O59: =J59+K59+L59+N59 -> 7023.25
A60: Małgorzata | B60: Zawodna | C60: Kraków | D60: K | E60: 41 | F60: ='A1'!XFC60 -> 44174 | G60: =F60+H60 -> 44195 | H60: 21 | I60: Grecja | J60: 8079 | K60: 4200 | L60: 91.25 | N60: 0 | O60: =J60+K60+L60+N60 -> 12370.25
A61: Marcin | B61: Kozioł | C61: Warszawa | D61: M | E61: 32 | F61: ='A1'!XFC61 -> 44116 | G61: =F61+H61 -> 44130 | H61: 14 | I61: Włochy | J61: 6298 | K61: 2800 | L61: 65.25 | N61: 0 | O61: =J61+K61+L61+N61 -> 9163.25
A62: Marcin | B62: Mosina | C62: Warszawa | D62: M | E62: 34 | F62: ='A1'!XFC62 -> 44105 | G62: =F62+H62 -> 44119 | H62: 14 | I62: Turcja | J62: 5480 | K62: 2800 | L62: 65.25 | N62: 0 | O62: =J62+K62+L62+N62 -> 8345.25
A63: Marek | B63: Linda | C63: Kraków | D63: M | E63: 23 | F63: ='A1'!XFC63 -> 44183 | G63: =F63+H63 -> 44198 | H63: 15 | I63: Chorwacja | J63: 4704 | K63: 3000 | L63: 91.25 | M63: 1 | N63: 325 | O63: =J63+K63+L63+N63 -> 8120.25
A64: Marek | B64: Sawek | C64: Poznań | D64: M | E64: 27 | F64: ='A1'!XFC64 -> 44116 | G64: =F64+H64 -> 44123 | H64: 7 | I64: Włochy | J64: 3899 | K64: 1400 | L64: 34.8 | N64: 0 | O64: =J64+K64+L64+N64 -> 5333.8
A65: Mateusz | B65: Likian | C65: Kraków | D65: M | E65: 47 | F65: ='A1'!XFC65 -> 44188 | G65: =F65+H65 -> 44203 | H65: 15 | I65: Turcja | J65: 5764 | K65: 3000 | L65: 91.25 | N65: 0 | O65: =J65+K65+L65+N65 -> 8855.25
A66: Michał | B66: Komornicki | C66: Warszawa | D66: M | E66: 28 | F66: ='A1'!XFC66 -> 44167 | G66: =F66+H66 -> 44174 | H66: 7 | I66: Turcja | J66: 3490 | K66: 1400 | L66: 34.8 | M66: 1 | N66: 325 | O66: =J66+K66+L66+N66 -> 5249.8
A67: Michał | B67: Kureka | C67: Warszawa | D67: M | E67: 46 | F67: ='A1'!XFC67 -> 44127 | G67: =F67+H67 -> 44137 | H67: 10 | I67: Chorwacja | J67: 3636 | K67: 2000 | L67: 65.25 | N67: 0 | O67: =J67+K67+L67+N67 -> 5701.25
A68: Michał | B68: Komor | C68: Poznań | D68: M | E68: 55 | F68: ='A1'!XFC68 -> 44171 | G68: =F68+H68 -> 44178 | H68: 7 | I68: Grecja | J68: 3693 | K68: 1400 | L68: 34.8 | N68: 0 | O68: =J68+K68+L68+N68 -> 5127.8
A69: Michał | B69: Szerka | C69: Kraków | D69: M | E69: 25 | F69: ='A1'!XFC69 -> 44143 | G69: =F69+H69 -> 44150 | H69: 7 | I69: Hiszpania | J69: 4709 | K69: 1400 | L69: 34.8 | N69: 0 | O69: =J69+K69+L69+N69 -> 6143.8
A70: Michał | B70: Likary | C70: Poznań | D70: M | E70: 51 | F70: ='A1'!XFC70 -> 44168 | G70: =F70+H70 -> 44175 | H70: 7 | I70: Chorwacja | J70: 2995 | K70: 1400 | L70: 34.8 | N70: 0 | O70: =J70+K70+L70+N70 -> 4429.8
A71: Michał | B71: Lindak | C71: Kraków | D71: M | E71: 41 | F71: ='A1'!XFC71 -> 44126 | G71: =F71+H71 -> 44133 | H71: 7 | I71: Chorwacja | J71: 2995 | K71: 1400 | L71: 34.8 | N71: 0 | O71: =J71+K71+L71+N71 -> 4429.8
A72: Michał | B72: Komos | C72: Warszawa | D72: M | E72: 26 | F72: ='A1'!XFC72 -> 44156 | G72: =F72+H72 -> 44171 | H72: 15 | I72: Hiszpania | J72: 8376 | K72: 3000 | L72: 91.25 | M72: 1 | N72: 325 | O72: =J72+K72+L72+N72 -> 11792.25
A73: Michał | B73: Lipecki | C73: Poznań | D73: M | E73: 54 | F73: ='A1'!XFC73 -> 44167 | G73: =F73+H73 -> 44182 | H73: 15 | I73: Włochy | J73: 6641 | K73: 3000 | L73: 91.25 | N73: 0 | O73: =J73+K73+L73+N73 -> 9732.25
A74: Michał | B74: Wertyk | C74: Kraków | D74: M | E74: 34 | F74: ='A1'!XFC74 -> 44144 | G74: =F74+H74 -> 44151 | H74: 7 | I74: Włochy | J74: 3899 | K74: 1400 | L74: 34.8 | N74: 0 | O74: =J74+K74+L74+N74 -> 5333.8
A75: Mirosław | B75: Lisiecki | C75: Warszawa | D75: M | E75: 23 | F75: ='A1'!XFC75 -> 44172 | G75: =F75+H75 -> 44186 | H75: 14 | I75: Chorwacja | J75: 4490 | K75: 2800 | L75: 65.25 | N75: 0 | O75: =J75+K75+L75+N75 -> 7355.25
A76: Mirosława | B76: Zarębska | C76: Kraków | D76: K | E76: 33 | F76: ='A1'!XFC76 -> 44130 | G76: =F76+H76 -> 44151 | H76: 21 | I76: Hiszpania | J76: 11127 | K76: 4200 | L76: 91.25 | M76: 1 | N76: 325 | O76: =J76+K76+L76+N76 -> 15743.25
A77: Mirosława | B77: Konwerska | C77: Kraków | D77: K | E77: 41 | F77: ='A1'!XFC77 -> 44182 | G77: =F77+H77 -> 44203 | H77: 21 | I77: Turcja | J77: 7470 | K77: 4200 | L77: 91.25 | M77: 1 | N77: 325 | O77: =J77+K77+L77+N77 -> 12086.25
A78: Mirosława | B78: Koralewska | C78: Kraków | D78: K | E78: 38 | F78: ='A1'!XFC78 -> 44138 | G78: =F78+H78 -> 44148 | H78: 10 | I78: Hiszpania | J78: 6084 | K78: 2000 | L78: 65.25 | M78: 1 | N78: 325 | O78: =J78+K78+L78+N78 -> 8474.25
A79: Olga | B79: Mikołajczyk | C79: Kraków | D79: K | E79: 42 | F79: ='A1'!XFC79 -> 44120 | G79: =F79+H79 -> 44141 | H79: 21 | I79: Włochy | J79: 8697 | K79: 4200 | L79: 91.25 | M79: 1 | N79: 325 | O79: =J79+K79+L79+N79 -> 13313.25
A80: Olga | B80: Wysocka | C80: Poznań | D80: K | E80: 32 | F80: ='A1'!XFC80 -> 44109 | G80: =F80+H80 -> 44130 | H80: 21 | I80: Chorwacja | J80: 5985 | K80: 4200 | L80: 91.25 | N80: 0 | O80: =J80+K80+L80+N80 -> 10276.25
A81: Paweł | B81: Policzewski | C81: Poznań | D81: M | E81: 31 | F81: ='A1'!XFC81 -> 44159 | G81: =F81+H81 -> 44174 | H81: 15 | I81: Grecja | J81: 6199 | K81: 3000 | L81: 91.25 | N81: 0 | O81: =J81+K81+L81+N81 -> 9290.25
A82: Paweł | B82: Palek | C82: Kraków | D82: M | E82: 47 | F82: ='A1'!XFC82 -> 44170 | G82: =F82+H82 -> 44185 | H82: 15 | I82: Grecja | J82: 6199 | K82: 3000 | L82: 91.25 | N82: 0 | O82: =J82+K82+L82+N82 -> 9290.25
A83: Pelagia | B83: Greczyn | C83: Poznań | D83: K | E83: 20 | F83: ='A1'!XFC83 -> 44147 | G83: =F83+H83 -> 44161 | H83: 14 | I83: Włochy | J83: 6298 | K83: 2800 | L83: 65.25 | M83: 1 | N83: 325 | O83: =J83+K83+L83+N83 -> 9488.25
A84: Piotr | B84: Szczygieł | C84: Poznań | D84: M | E84: 28 | F84: ='A1'!XFC84 -> 44177 | G84: =F84+H84 -> 44191 | H84: 14 | I84: Chorwacja | J84: 4490 | K84: 2800 | L84: 65.25 | N84: 0 | O84: =J84+K84+L84+N84 -> 7355.25
A85: Piotr | B85: Śliwiński | C85: Kraków | D85: M | E85: 33 | F85: ='A1'!XFC85 -> 44156 | G85: =F85+H85 -> 44170 | H85: 14 | I85: Włochy | J85: 6298 | K85: 2800 | L85: 65.25 | M85: 1 | N85: 325 | O85: =J85+K85+L85+N85 -> 9488.25
A86: Piotr | B86: Kamiński | C86: Poznań | D86: M | E86: 37 | F86: ='A1'!XFC86 -> 44159 | G86: =F86+H86 -> 44173 | H86: 14 | I86: Hiszpania | J86: 7918 | K86: 2800 | L86: 65.25 | N86: 0 | O86: =J86+K86+L86+N86 -> 10783.25
A87: Piotr | B87: Adamski | C87: Warszawa | D87: M | E87: 47 | F87: ='A1'!XFC87 -> 44166 | G87: =F87+H87 -> 44181 | H87: 15 | I87: Turcja | J87: 5764 | K87: 3000 | L87: 91.25 | N87: 0 | O87: =J87+K87+L87+N87 -> 8855.25
A88: Piotr | B88: Ostroga | C88: Poznań | D88: M | E88: 37 | F88: ='A1'!XFC88 -> 44156 | G88: =F88+H88 -> 44170 | H88: 14 | I88: Włochy | J88: 6298 | K88: 2800 | L88: 65.25 | N88: 0 | O88: =J88+K88+L88+N88 -> 9163.25
A89: Rafał | B89: Wobek | C89: Kraków | D89: M | E89: 29 | F89: ='A1'!XFC89 -> 44176 | G89: =F89+H89 -> 44183 | H89: 7 | I89: Chorwacja | J89: 2995 | K89: 1400 | L89: 34.8 | N89: 0 | O89: =J89+K89+L89+N89 -> 4429.8
A90: Rafał | B90: Grater | C90: Warszawa | D90: M | E90: 44 | F90: ='A1'!XFC90 -> 44112 | G90: =F90+H90 -> 44127 | H90: 15 | I90: Włochy | J90: 6641 | K90: 3000 | L90: 91.25 | M90: 2 | N90: 650 | O90: =J90+K90+L90+N90 -> 10382.25
A91: Rafał | B91: Fraczyński | C91: Warszawa | D91: M | E91: 25 | F91: ='A1'!XFC91 -> 44194 | G91: =F91+H91 -> 44204 | H91: 10 | I91: Turcja | J91: 4343 | K91: 2000 | L91: 65.25 | N91: 0 | O91: =J91+K91+L91+N91 -> 6408.25
A92: Rafał | B92: Kobek | C92: Poznań | D92: M | E92: 41 | F92: ='A1'!XFC92 -> 44149 | G92: =F92+H92 -> 44156 | H92: 7 | I92: Chorwacja | J92: 2995 | K92: 1400 | L92: 34.8 | N92: 0 | O92: =J92+K92+L92+N92 -> 4429.8
A93: Robert | B93: Palancik | C93: Kraków | D93: M | E93: 51 | F93: ='A1'!XFC93 -> 44168 | G93: =F93+H93 -> 44175 | H93: 7 | I93: Hiszpania | J93: 4709 | K93: 1400 | L93: 34.8 | N93: 0 | O93: =J93+K93+L93+N93 -> 6143.8
A94: Robert | B94: Moczydło | C94: Poznań | D94: M | E94: 22 | F94: ='A1'!XFC94 -> 44192 | G94: =F94+H94 -> 44207 | H94: 15 | I94: Włochy | J94: 6641 | K94: 3000 | L94: 91.25 | N94: 0 | O94: =J94+K94+L94+N94 -> 9732.25
A95: Robert | B95: Sulik | C95: Kraków | D95: M | E95: 29 | F95: ='A1'!XFC95 -> 44173 | G95: =F95+H95 -> 44180 | H95: 7 | I95: Włochy | J95: 3899 | K95: 1400 | L95: 34.8 | N95: 0 | O95: =J95+K95+L95+N95 -> 5333.8
A96: Robert | B96: Surma | C96: Kraków | D96: M | E96: 25 | F96: ='A1'!XFC96 -> 44192 | G96: =F96+H96 -> 44199 | H96: 7 | I96: Grecja | J96: 3693 | K96: 1400 | L96: 34.8 | N96: 0 | O96: =J96+K96+L96+N96 -> 5127.8
A97: Robert | B97: Sulikowski | C97: Kraków | D97: M | E97: 55 | F97: ='A1'!XFC97 -> 44189 | G97: =F97+H97 -> 44204 | H97: 15 | I97: Chorwacja | J97: 4704 | K97: 3000 | L97: 91.25 | N97: 0 | O97: =J97+K97+L97+N97 -> 7795.25
A98: Robert | B98: Surmak | C98: Kraków | D98: M | E98: 34 | F98: ='A1'!XFC98 -> 44137 | G98: =F98+H98 -> 44144 | H98: 7 | I98: Hiszpania | J98: 4709 | K98: 1400 | L98: 34.8 | N98: 0 | O98: =J98+K98+L98+N98 -> 6143.8
A99: Robert | B99: Liczak | C99: Kraków | D99: M | E99: 51 | F99: ='A1'!XFC99 -> 44143 | G99: =F99+H99 -> 44150 | H99: 7 | I99: Włochy | J99: 3899 | K99: 1400 | L99: 34.8 | M99: 1 | N99: 325 | O99: =J99+K99+L99+N99 -> 5658.8
A100: Robert | B100: Jawlik | C100: Warszawa | D100: M | E100: 22 | F100: ='A1'!XFC100 -> 44154 | G100: =F100+H100 -> 44161 | H100: 7 | I100: Grecja | J100: 3693 | K100: 1400 | L100: 34.8 | N100: 0 | O100: =J100+K100+L100+N100 -> 5127.8
...

Sheet A1
XFC1: Data wylotu
XFC2: 44119
XFC3: 44149
XFC4: 44147
XFC5: 44121
XFC6: 44116
XFC7: 44172
XFC8: 44182
XFC9: 44132
XFC10: 44180
XFC11: 44181
XFC12: 44187
XFC13: 44180
... XFC132: 44162
